
INSERT INTO academies (academy_id, name, address) VALUES (1,'London','Cottons Centre, Cottons Ln, London SE1 2QG, United Kingdom');
INSERT INTO academies (academy_id, name, address) VALUES (2,'Leeds','No1 Whitehall Riverside, 1 Riverside Way, Leeds LS1 4BN, United Kingdom');
INSERT INTO academies (academy_id, name, address) VALUES (3,'Frankfurt','Mainzer Landstraße 41, 60329 Frankfurt, Germany');
INSERT INTO academies (academy_id, name, address) VALUES (4,'Glasgow','6th floor, 1 West Regent St, Glasgow G2 1RW, United Kingdom');

INSERT INTO streams (stream_id, name, duration_weeks) VALUES (1,'PMO',9);
INSERT INTO streams (stream_id, name, duration_weeks) VALUES (2,'Data Analyst',6);
INSERT INTO streams (stream_id, name, duration_weeks) VALUES (3,'Techops',11);
INSERT INTO streams (stream_id, name, duration_weeks) VALUES (4,'Testing',8);
INSERT INTO streams (stream_id, name, duration_weeks) VALUES (5,'Development',14);

INSERT INTO trainees (trainee_id, name, stream_id, start_date, academy_id) VALUES (1,'Roni Whitney',1,CURRENT_TIMESTAMP-99,1);
INSERT INTO trainees (trainee_id, name, stream_id, start_date, academy_id) VALUES (2,'Shanti Gould',1,CURRENT_TIMESTAMP-98,1);
INSERT INTO trainees (trainee_id, name, stream_id, start_date, academy_id) VALUES (3,'Antonina Wilbanks',2,CURRENT_TIMESTAMP-98,4);
INSERT INTO trainees (trainee_id, name, stream_id, start_date, academy_id) VALUES (4,'Sophia Hartwig',2,CURRENT_TIMESTAMP-96,3);
INSERT INTO trainees (trainee_id, name, stream_id, start_date, academy_id) VALUES (5,'Josef Krumrey',5,CURRENT_TIMESTAMP-94,3);
INSERT INTO trainees (trainee_id, name, stream_id, start_date, academy_id) VALUES (6,'Marko Schmucker',2,CURRENT_TIMESTAMP-90,3);
INSERT INTO trainees (trainee_id, name, stream_id, start_date, academy_id) VALUES (7,'Traute Seifert',2,CURRENT_TIMESTAMP-85,3);
INSERT INTO trainees (trainee_id, name, stream_id, start_date, academy_id) VALUES (8,'Nidia Dowd',3,CURRENT_TIMESTAMP-84,2);
INSERT INTO trainees (trainee_id, name, stream_id, start_date, academy_id) VALUES (9,'Thurman Wing',1,CURRENT_TIMESTAMP-83,4);
INSERT INTO trainees (trainee_id, name, stream_id, start_date, academy_id) VALUES (10,'Ima Quinonez',2,CURRENT_TIMESTAMP-83,2);
INSERT INTO trainees (trainee_id, name, stream_id, start_date, academy_id) VALUES (11,'Rosanne Marino',1,CURRENT_TIMESTAMP-81,1);
INSERT INTO trainees (trainee_id, name, stream_id, start_date, academy_id) VALUES (12,'Bharadwaj Santhanakrishnan',2,CURRENT_TIMESTAMP-80,1);
INSERT INTO trainees (trainee_id, name, stream_id, start_date, academy_id) VALUES (13,'Sumathi Sahar',1,CURRENT_TIMESTAMP-80,1);
INSERT INTO trainees (trainee_id, name, stream_id, start_date, academy_id) VALUES (14,'Zachariah Acevedo',4,CURRENT_TIMESTAMP-79,1);
INSERT INTO trainees (trainee_id, name, stream_id, start_date, academy_id) VALUES (15,'Salina Blakely',5,CURRENT_TIMESTAMP-77,1);
INSERT INTO trainees (trainee_id, name, stream_id, start_date, academy_id) VALUES (16,'Sri Munish',2,CURRENT_TIMESTAMP-73,1);
INSERT INTO trainees (trainee_id, name, stream_id, start_date, academy_id) VALUES (17,'Giuseppe Rosas',2,CURRENT_TIMESTAMP-68,4);
INSERT INTO trainees (trainee_id, name, stream_id, start_date, academy_id) VALUES (18,'Marry Roland',1,CURRENT_TIMESTAMP-67,1);
INSERT INTO trainees (trainee_id, name, stream_id, start_date, academy_id) VALUES (19,'Leighann Oldham',4,CURRENT_TIMESTAMP-65,1);
INSERT INTO trainees (trainee_id, name, stream_id, start_date, academy_id) VALUES (20,'Amati Jinen',5,CURRENT_TIMESTAMP-64,1);
INSERT INTO trainees (trainee_id, name, stream_id, start_date, academy_id) VALUES (21,'Nydia Mcwilliams',1,CURRENT_TIMESTAMP-64,1);
INSERT INTO trainees (trainee_id, name, stream_id, start_date, academy_id) VALUES (22,'Brianna Leavitt',2,CURRENT_TIMESTAMP-61,1);
INSERT INTO trainees (trainee_id, name, stream_id, start_date, academy_id) VALUES (23,'Lannie Handley',3,CURRENT_TIMESTAMP-59,1);
INSERT INTO trainees (trainee_id, name, stream_id, start_date, academy_id) VALUES (24,'Devorah Kahn',1,CURRENT_TIMESTAMP-55,1);
INSERT INTO trainees (trainee_id, name, stream_id, start_date, academy_id) VALUES (25,'Buck Bonilla',5,CURRENT_TIMESTAMP-54,1);
INSERT INTO trainees (trainee_id, name, stream_id, start_date, academy_id) VALUES (26,'James Ritter',1,CURRENT_TIMESTAMP-54,1);
INSERT INTO trainees (trainee_id, name, stream_id, start_date, academy_id) VALUES (27,'Tifany Fite',2,CURRENT_TIMESTAMP-53,1);
INSERT INTO trainees (trainee_id, name, stream_id, start_date, academy_id) VALUES (28,'Hana Treadwell',3,CURRENT_TIMESTAMP-52,1);
INSERT INTO trainees (trainee_id, name, stream_id, start_date, academy_id) VALUES (29,'Abbie Byrnes',1,CURRENT_TIMESTAMP-52,1);
INSERT INTO trainees (trainee_id, name, stream_id, start_date, academy_id) VALUES (30,'Ashlea Nowak',5,CURRENT_TIMESTAMP-50,1);
INSERT INTO trainees (trainee_id, name, stream_id, start_date, academy_id) VALUES (31,'Annett Roden',1,CURRENT_TIMESTAMP-50,1);
INSERT INTO trainees (trainee_id, name, stream_id, start_date, academy_id) VALUES (32,'Sibongile Toure',2,CURRENT_TIMESTAMP-48,1);
INSERT INTO trainees (trainee_id, name, stream_id, start_date, academy_id) VALUES (33,'Daina Aviles',3,CURRENT_TIMESTAMP-46,1);
INSERT INTO trainees (trainee_id, name, stream_id, start_date, academy_id) VALUES (34,'Bettie Vickery',4,CURRENT_TIMESTAMP-45,1);
INSERT INTO trainees (trainee_id, name, stream_id, start_date, academy_id) VALUES (35,'Reinhold Blech',1,CURRENT_TIMESTAMP-42,3); 
INSERT INTO trainees (trainee_id, name, stream_id, start_date, academy_id) VALUES (36,'Thies Güntzler',2,CURRENT_TIMESTAMP-39,3); 
INSERT INTO trainees (trainee_id, name, stream_id, start_date, academy_id) VALUES (37,'Stefan Gildehaus',3,CURRENT_TIMESTAMP-38,3); 
INSERT INTO trainees (trainee_id, name, stream_id, start_date, academy_id) VALUES (38,'Syble Bivins',2,CURRENT_TIMESTAMP-38,4);
INSERT INTO trainees (trainee_id, name, stream_id, start_date, academy_id) VALUES (39,'Hallie Hawks',4,CURRENT_TIMESTAMP-34,1);
INSERT INTO trainees (trainee_id, name, stream_id, start_date, academy_id) VALUES (40,'Mariette Kirk',1,CURRENT_TIMESTAMP-33,1);
INSERT INTO trainees (trainee_id, name, stream_id, start_date, academy_id) VALUES (41,'Serwa Ndiaye',1,CURRENT_TIMESTAMP-31,1);
INSERT INTO trainees (trainee_id, name, stream_id, start_date, academy_id) VALUES (42,'Leslee Laird',2,CURRENT_TIMESTAMP-31,4);
INSERT INTO trainees (trainee_id, name, stream_id, start_date, academy_id) VALUES (43,'Femi Bah',3,CURRENT_TIMESTAMP-30,1);
INSERT INTO trainees (trainee_id, name, stream_id, start_date, academy_id) VALUES (44,'Fay Quezada',2,CURRENT_TIMESTAMP-30,4);
INSERT INTO trainees (trainee_id, name, stream_id, start_date, academy_id) VALUES (45,'Bud Hardesty',1,CURRENT_TIMESTAMP-28,1);
INSERT INTO trainees (trainee_id, name, stream_id, start_date, academy_id) VALUES (46,'Cliff Marble',1,CURRENT_TIMESTAMP-28,2);
INSERT INTO trainees (trainee_id, name, stream_id, start_date, academy_id) VALUES (47,'Dannielle Sapp',2,CURRENT_TIMESTAMP-25,2);
INSERT INTO trainees (trainee_id, name, stream_id, start_date, academy_id) VALUES (48,'Celinda Valencia',2,CURRENT_TIMESTAMP-23,2);
INSERT INTO trainees (trainee_id, name, stream_id, start_date, academy_id) VALUES (49,'Tawanda Tinsley',1,CURRENT_TIMESTAMP-22,2);
INSERT INTO trainees (trainee_id, name, stream_id, start_date, academy_id) VALUES (50,'Tarah Shay',5,CURRENT_TIMESTAMP-22,2);
INSERT INTO trainees (trainee_id, name, stream_id, start_date, academy_id) VALUES (51,'Rosanne Funk',1,CURRENT_TIMESTAMP-21,2);
INSERT INTO trainees (trainee_id, name, stream_id, start_date, academy_id) VALUES (52,'Harley Littlejohn',2,CURRENT_TIMESTAMP-19,2);
INSERT INTO trainees (trainee_id, name, stream_id, start_date, academy_id) VALUES (53,'Albina Mclaurin',2,CURRENT_TIMESTAMP-18,2);
INSERT INTO trainees (trainee_id, name, stream_id, start_date, academy_id) VALUES (54,'Meda Layne',1,CURRENT_TIMESTAMP-18,2);
INSERT INTO trainees (trainee_id, name, stream_id, start_date, academy_id) VALUES (55,'Lilian Denning',5,CURRENT_TIMESTAMP-12,4);
INSERT INTO trainees (trainee_id, name, stream_id, start_date, academy_id) VALUES (56,'Callie Sheldon',1,CURRENT_TIMESTAMP-8,2);
INSERT INTO trainees (trainee_id, name, stream_id, start_date, academy_id) VALUES (57,'Bernarda Labbe',2,CURRENT_TIMESTAMP-5,2);
INSERT INTO trainees (trainee_id, name, stream_id, start_date, academy_id) VALUES (58,'Margarete Empting',3,CURRENT_TIMESTAMP-3,3);  
INSERT INTO trainees (trainee_id, name, stream_id, start_date, academy_id) VALUES (59,'Lidia Jung',4,CURRENT_TIMESTAMP-2,3);  
INSERT INTO trainees (trainee_id, name, stream_id, start_date, academy_id) VALUES (60,'Markus Rebohle',2,CURRENT_TIMESTAMP-1,3);

INSERT INTO trainers (trainer_id, name, start_date, academy_id) VALUES (1,'Edmund Blair',CURRENT_TIMESTAMP-772,1);
INSERT INTO trainers (trainer_id, name, start_date, academy_id) VALUES (2,'Sherman Brown',CURRENT_TIMESTAMP-978,1);
INSERT INTO trainers (trainer_id, name, start_date, academy_id) VALUES (3,'Arthur Santiago',CURRENT_TIMESTAMP-1022,1);
INSERT INTO trainers (trainer_id, name, start_date, academy_id) VALUES (4,'Ted Waters',CURRENT_TIMESTAMP-287,1);
INSERT INTO trainers (trainer_id, name, start_date, academy_id) VALUES (5,'Patrick Carroll',CURRENT_TIMESTAMP-594,1);
INSERT INTO trainers (trainer_id, name, start_date, academy_id) VALUES (6,'Cecil Griffin',CURRENT_TIMESTAMP-242,1);
INSERT INTO trainers (trainer_id, name, start_date, academy_id) VALUES (7,'Jessica Owens',CURRENT_TIMESTAMP-625,1);
INSERT INTO trainers (trainer_id, name, start_date, academy_id) VALUES (8,'Alfonso Valdez',CURRENT_TIMESTAMP-317,1);
INSERT INTO trainers (trainer_id, name, start_date, academy_id) VALUES (9,'Lamar Carson',CURRENT_TIMESTAMP-1137,1);
INSERT INTO trainers (trainer_id, name, start_date, academy_id) VALUES (10,'Scott Robbins',CURRENT_TIMESTAMP-698,1);
INSERT INTO trainers (trainer_id, name, start_date, academy_id) VALUES (11,'Connie Douglas',CURRENT_TIMESTAMP-687,2);
INSERT INTO trainers (trainer_id, name, start_date, academy_id) VALUES (12,'Myrtle Wolfe',CURRENT_TIMESTAMP-627,2);
INSERT INTO trainers (trainer_id, name, start_date, academy_id) VALUES (13,'Maureen Franklin',CURRENT_TIMESTAMP-457,2);
INSERT INTO trainers (trainer_id, name, start_date, academy_id) VALUES (14,'Cedric Houston',CURRENT_TIMESTAMP-994,2);
INSERT INTO trainers (trainer_id, name, start_date, academy_id) VALUES (15,'Vivian Lambert',CURRENT_TIMESTAMP-611,2);
INSERT INTO trainers (trainer_id, name, start_date, academy_id) VALUES (16,'Alexander Krenz',CURRENT_TIMESTAMP-855,3);
INSERT INTO trainers (trainer_id, name, start_date, academy_id) VALUES (17,'Calvin Ramsay',CURRENT_TIMESTAMP-150,4);
INSERT INTO trainers (trainer_id, name, start_date, academy_id) VALUES (18,'Astrid MacKinnon',CURRENT_TIMESTAMP-780,4);
INSERT INTO trainers (trainer_id, name, start_date, academy_id) VALUES (19,'Edward Sinclair',CURRENT_TIMESTAMP-350,4);
INSERT INTO trainers (trainer_id, name, start_date, academy_id) VALUES (20,'Aliyah Morton',CURRENT_TIMESTAMP-432,4);

INSERT INTO courses (course_id, name, duration_days) VALUES (1,'FIA',5);
INSERT INTO courses (course_id, name, duration_days) VALUES (2,'SQL',5);
INSERT INTO courses (course_id, name, duration_days) VALUES (3,'UNIX',5);
INSERT INTO courses (course_id, name, duration_days) VALUES (4,'Excel VBA',5);
INSERT INTO courses (course_id, name, duration_days) VALUES (5,'Web Applications',5);
INSERT INTO courses (course_id, name, duration_days) VALUES (6,'Manual Testing',5);
INSERT INTO courses (course_id, name, duration_days) VALUES (7,'PSO',5);
INSERT INTO courses (course_id, name, duration_days) VALUES (8,'Object Oriented Development',5);
INSERT INTO courses (course_id, name, duration_days) VALUES (9,'Communication Skills',3);
INSERT INTO courses (course_id, name, duration_days) VALUES (10,'PRINCE 2',5);
INSERT INTO courses (course_id, name, duration_days) VALUES (11,'BA',5);
INSERT INTO courses (course_id, name, duration_days) VALUES (12,'Agile Testing',1);
INSERT INTO courses (course_id, name, duration_days) VALUES (13,'ISTQB ISEB',5);

INSERT INTO trainers_courses (trainer_id, course_id) VALUES (1,1);
INSERT INTO trainers_courses (trainer_id, course_id) VALUES (1,2);
INSERT INTO trainers_courses (trainer_id, course_id) VALUES (1,3);
INSERT INTO trainers_courses (trainer_id, course_id) VALUES (2,2);
INSERT INTO trainers_courses (trainer_id, course_id) VALUES (2,3);
INSERT INTO trainers_courses (trainer_id, course_id) VALUES (3,6);
INSERT INTO trainers_courses (trainer_id, course_id) VALUES (3,12);
INSERT INTO trainers_courses (trainer_id, course_id) VALUES (3,13);
INSERT INTO trainers_courses (trainer_id, course_id) VALUES (3,3);
INSERT INTO trainers_courses (trainer_id, course_id) VALUES (4,7);
INSERT INTO trainers_courses (trainer_id, course_id) VALUES (4,9);
INSERT INTO trainers_courses (trainer_id, course_id) VALUES (4,11);
INSERT INTO trainers_courses (trainer_id, course_id) VALUES (4,10);
INSERT INTO trainers_courses (trainer_id, course_id) VALUES (5,9);
INSERT INTO trainers_courses (trainer_id, course_id) VALUES (6,8);
INSERT INTO trainers_courses (trainer_id, course_id) VALUES (6,5);
INSERT INTO trainers_courses (trainer_id, course_id) VALUES (7,1);
INSERT INTO trainers_courses (trainer_id, course_id) VALUES (7,2);
INSERT INTO trainers_courses (trainer_id, course_id) VALUES (8,5);
INSERT INTO trainers_courses (trainer_id, course_id) VALUES (8,8);
INSERT INTO trainers_courses (trainer_id, course_id) VALUES (9,7);
INSERT INTO trainers_courses (trainer_id, course_id) VALUES (9,11);
INSERT INTO trainers_courses (trainer_id, course_id) VALUES (10,2);
INSERT INTO trainers_courses (trainer_id, course_id) VALUES (10,3);
INSERT INTO trainers_courses (trainer_id, course_id) VALUES (11,2);
INSERT INTO trainers_courses (trainer_id, course_id) VALUES (11,3);
INSERT INTO trainers_courses (trainer_id, course_id) VALUES (11,9);
INSERT INTO trainers_courses (trainer_id, course_id) VALUES (12,1);
INSERT INTO trainers_courses (trainer_id, course_id) VALUES (12,4);
INSERT INTO trainers_courses (trainer_id, course_id) VALUES (12,5);
INSERT INTO trainers_courses (trainer_id, course_id) VALUES (13,7);
INSERT INTO trainers_courses (trainer_id, course_id) VALUES (13,9);
INSERT INTO trainers_courses (trainer_id, course_id) VALUES (13,10);
INSERT INTO trainers_courses (trainer_id, course_id) VALUES (13,11);
INSERT INTO trainers_courses (trainer_id, course_id) VALUES (14,12);
INSERT INTO trainers_courses (trainer_id, course_id) VALUES (14,13);
INSERT INTO trainers_courses (trainer_id, course_id) VALUES (15,7);
INSERT INTO trainers_courses (trainer_id, course_id) VALUES (16,7);
INSERT INTO trainers_courses (trainer_id, course_id) VALUES (16,2);
INSERT INTO trainers_courses (trainer_id, course_id) VALUES (16,3);
INSERT INTO trainers_courses (trainer_id, course_id) VALUES (16,5);
INSERT INTO trainers_courses (trainer_id, course_id) VALUES (17,6);
INSERT INTO trainers_courses (trainer_id, course_id) VALUES (17,9);
INSERT INTO trainers_courses (trainer_id, course_id) VALUES (17,2);
INSERT INTO trainers_courses (trainer_id, course_id) VALUES (18,1);
INSERT INTO trainers_courses (trainer_id, course_id) VALUES (18,7);
INSERT INTO trainers_courses (trainer_id, course_id) VALUES (18,9);
INSERT INTO trainers_courses (trainer_id, course_id) VALUES (19,8);
INSERT INTO trainers_courses (trainer_id, course_id) VALUES (19,3);
INSERT INTO trainers_courses (trainer_id, course_id) VALUES (19,5);
INSERT INTO trainers_courses (trainer_id, course_id) VALUES (20,6);
INSERT INTO trainers_courses (trainer_id, course_id) VALUES (20,12);
INSERT INTO trainers_courses (trainer_id, course_id) VALUES (20,13);

INSERT INTO streams_courses (stream_id, course_id) VALUES (1,1);
INSERT INTO streams_courses (stream_id, course_id) VALUES (2,1);
INSERT INTO streams_courses (stream_id, course_id) VALUES (3,1);
INSERT INTO streams_courses (stream_id, course_id) VALUES (1,2);
INSERT INTO streams_courses (stream_id, course_id) VALUES (2,2);
INSERT INTO streams_courses (stream_id, course_id) VALUES (3,2);
INSERT INTO streams_courses (stream_id, course_id) VALUES (4,2);
INSERT INTO streams_courses (stream_id, course_id) VALUES (5,2);
INSERT INTO streams_courses (stream_id, course_id) VALUES (3,3);
INSERT INTO streams_courses (stream_id, course_id) VALUES (4,3);
INSERT INTO streams_courses (stream_id, course_id) VALUES (5,3);
INSERT INTO streams_courses (stream_id, course_id) VALUES (1,4);
INSERT INTO streams_courses (stream_id, course_id) VALUES (2,4);
INSERT INTO streams_courses (stream_id, course_id) VALUES (3,4);
INSERT INTO streams_courses (stream_id, course_id) VALUES (4,4);
INSERT INTO streams_courses (stream_id, course_id) VALUES (5,4);
INSERT INTO streams_courses (stream_id, course_id) VALUES (3,5);
INSERT INTO streams_courses (stream_id, course_id) VALUES (4,5);
INSERT INTO streams_courses (stream_id, course_id) VALUES (4,6);
INSERT INTO streams_courses (stream_id, course_id) VALUES (1,7);
INSERT INTO streams_courses (stream_id, course_id) VALUES (5,8);
INSERT INTO streams_courses (stream_id, course_id) VALUES (1,9);
INSERT INTO streams_courses (stream_id, course_id) VALUES (2,9);
INSERT INTO streams_courses (stream_id, course_id) VALUES (3,9);
INSERT INTO streams_courses (stream_id, course_id) VALUES (4,9);
INSERT INTO streams_courses (stream_id, course_id) VALUES (5,9);
INSERT INTO streams_courses (stream_id, course_id) VALUES (1,10);
INSERT INTO streams_courses (stream_id, course_id) VALUES (1,11);
INSERT INTO streams_courses (stream_id, course_id) VALUES (4,12);
INSERT INTO streams_courses (stream_id, course_id) VALUES (4,13);

INSERT INTO exam_results (result_id, trainee_id, course_id, exam_date, score) VALUES (1,1,1,CURRENT_TIMESTAMP-54,36);
INSERT INTO exam_results (result_id, trainee_id, course_id, exam_date, score) VALUES (2,1,1,CURRENT_TIMESTAMP-42,65);
INSERT INTO exam_results (result_id, trainee_id, course_id, exam_date, score) VALUES (3,1,1,CURRENT_TIMESTAMP-35,94);
INSERT INTO exam_results (result_id, trainee_id, course_id, exam_date, score) VALUES (4,1,2,CURRENT_TIMESTAMP-40,88);
INSERT INTO exam_results (result_id, trainee_id, course_id, exam_date, score) VALUES (5,1,2,CURRENT_TIMESTAMP-30,80);
INSERT INTO exam_results (result_id, trainee_id, course_id, exam_date, score) VALUES (6,1,4,CURRENT_TIMESTAMP-56,82);
INSERT INTO exam_results (result_id, trainee_id, course_id, exam_date, score) VALUES (7,1,7,CURRENT_TIMESTAMP-27,96);
INSERT INTO exam_results (result_id, trainee_id, course_id, exam_date, score) VALUES (8,1,9,CURRENT_TIMESTAMP-52,85);
INSERT INTO exam_results (result_id, trainee_id, course_id, exam_date, score) VALUES (9,1,10,CURRENT_TIMESTAMP-14,88);
INSERT INTO exam_results (result_id, trainee_id, course_id, exam_date, score) VALUES (10,1,11,CURRENT_TIMESTAMP-14,78);
INSERT INTO exam_results (result_id, trainee_id, course_id, exam_date, score) VALUES (11,2,1,CURRENT_TIMESTAMP-11,76);
INSERT INTO exam_results (result_id, trainee_id, course_id, exam_date, score) VALUES (12,2,2,CURRENT_TIMESTAMP-29,76);
INSERT INTO exam_results (result_id, trainee_id, course_id, exam_date, score) VALUES (13,2,4,CURRENT_TIMESTAMP-17,88);
INSERT INTO exam_results (result_id, trainee_id, course_id, exam_date, score) VALUES (14,2,7,CURRENT_TIMESTAMP-24,82);
INSERT INTO exam_results (result_id, trainee_id, course_id, exam_date, score) VALUES (15,2,9,CURRENT_TIMESTAMP-58,99);
INSERT INTO exam_results (result_id, trainee_id, course_id, exam_date, score) VALUES (16,2,10,CURRENT_TIMESTAMP-24,95);
INSERT INTO exam_results (result_id, trainee_id, course_id, exam_date, score) VALUES (17,2,11,CURRENT_TIMESTAMP-29,89);
INSERT INTO exam_results (result_id, trainee_id, course_id, exam_date, score) VALUES (18,3,1,CURRENT_TIMESTAMP-21,83);
INSERT INTO exam_results (result_id, trainee_id, course_id, exam_date, score) VALUES (19,3,2,CURRENT_TIMESTAMP-10,84);
INSERT INTO exam_results (result_id, trainee_id, course_id, exam_date, score) VALUES (20,3,4,CURRENT_TIMESTAMP-45,79);
INSERT INTO exam_results (result_id, trainee_id, course_id, exam_date, score) VALUES (21,3,9,CURRENT_TIMESTAMP-49,77);
INSERT INTO exam_results (result_id, trainee_id, course_id, exam_date, score) VALUES (22,4,1,CURRENT_TIMESTAMP-30,75);
INSERT INTO exam_results (result_id, trainee_id, course_id, exam_date, score) VALUES (23,4,2,CURRENT_TIMESTAMP-60,86);
INSERT INTO exam_results (result_id, trainee_id, course_id, exam_date, score) VALUES (24,4,4,CURRENT_TIMESTAMP-40,81);
INSERT INTO exam_results (result_id, trainee_id, course_id, exam_date, score) VALUES (25,4,9,CURRENT_TIMESTAMP-22,96);
INSERT INTO exam_results (result_id, trainee_id, course_id, exam_date, score) VALUES (26,5,2,CURRENT_TIMESTAMP-47,57);
INSERT INTO exam_results (result_id, trainee_id, course_id, exam_date, score) VALUES (27,5,2,CURRENT_TIMESTAMP-40,74);
INSERT INTO exam_results (result_id, trainee_id, course_id, exam_date, score) VALUES (28,5,2,CURRENT_TIMESTAMP-36,98);
INSERT INTO exam_results (result_id, trainee_id, course_id, exam_date, score) VALUES (29,5,3,CURRENT_TIMESTAMP-54,76);
INSERT INTO exam_results (result_id, trainee_id, course_id, exam_date, score) VALUES (30,5,4,CURRENT_TIMESTAMP-13,77);
INSERT INTO exam_results (result_id, trainee_id, course_id, exam_date, score) VALUES (31,5,8,CURRENT_TIMESTAMP-43,70);
INSERT INTO exam_results (result_id, trainee_id, course_id, exam_date, score) VALUES (32,5,8,CURRENT_TIMESTAMP-30,80);
INSERT INTO exam_results (result_id, trainee_id, course_id, exam_date, score) VALUES (33,5,9,CURRENT_TIMESTAMP-25,97);
INSERT INTO exam_results (result_id, trainee_id, course_id, exam_date, score) VALUES (34,6,1,CURRENT_TIMESTAMP-24,94);
INSERT INTO exam_results (result_id, trainee_id, course_id, exam_date, score) VALUES (35,6,2,CURRENT_TIMESTAMP-52,78);
INSERT INTO exam_results (result_id, trainee_id, course_id, exam_date, score) VALUES (36,6,4,CURRENT_TIMESTAMP-41,76);
INSERT INTO exam_results (result_id, trainee_id, course_id, exam_date, score) VALUES (37,6,9,CURRENT_TIMESTAMP-28,83);
INSERT INTO exam_results (result_id, trainee_id, course_id, exam_date, score) VALUES (38,7,1,CURRENT_TIMESTAMP-28,98);
INSERT INTO exam_results (result_id, trainee_id, course_id, exam_date, score) VALUES (39,7,2,CURRENT_TIMESTAMP-55,90);
INSERT INTO exam_results (result_id, trainee_id, course_id, exam_date, score) VALUES (40,7,4,CURRENT_TIMESTAMP-37,99);
INSERT INTO exam_results (result_id, trainee_id, course_id, exam_date, score) VALUES (41,7,9,CURRENT_TIMESTAMP-25,98);
INSERT INTO exam_results (result_id, trainee_id, course_id, exam_date, score) VALUES (42,8,1,CURRENT_TIMESTAMP-42,85);
INSERT INTO exam_results (result_id, trainee_id, course_id, exam_date, score) VALUES (43,8,2,CURRENT_TIMESTAMP-11,86);
INSERT INTO exam_results (result_id, trainee_id, course_id, exam_date, score) VALUES (44,8,3,CURRENT_TIMESTAMP-54,75);
INSERT INTO exam_results (result_id, trainee_id, course_id, exam_date, score) VALUES (45,8,4,CURRENT_TIMESTAMP-58,82);
INSERT INTO exam_results (result_id, trainee_id, course_id, exam_date, score) VALUES (46,8,5,CURRENT_TIMESTAMP-26,91);
INSERT INTO exam_results (result_id, trainee_id, course_id, exam_date, score) VALUES (47,8,9,CURRENT_TIMESTAMP-56,94);
INSERT INTO exam_results (result_id, trainee_id, course_id, exam_date, score) VALUES (48,9,1,CURRENT_TIMESTAMP-53,81);
INSERT INTO exam_results (result_id, trainee_id, course_id, exam_date, score) VALUES (49,9,2,CURRENT_TIMESTAMP-12,82);
INSERT INTO exam_results (result_id, trainee_id, course_id, exam_date, score) VALUES (50,9,4,CURRENT_TIMESTAMP-25,92);
INSERT INTO exam_results (result_id, trainee_id, course_id, exam_date, score) VALUES (51,9,7,CURRENT_TIMESTAMP-30,81);
INSERT INTO exam_results (result_id, trainee_id, course_id, exam_date, score) VALUES (52,9,9,CURRENT_TIMESTAMP-60,89);
INSERT INTO exam_results (result_id, trainee_id, course_id, exam_date, score) VALUES (53,9,9,CURRENT_TIMESTAMP-42,86);
INSERT INTO exam_results (result_id, trainee_id, course_id, exam_date, score) VALUES (54,9,10,CURRENT_TIMESTAMP-31,90);
INSERT INTO exam_results (result_id, trainee_id, course_id, exam_date, score) VALUES (55,9,11,CURRENT_TIMESTAMP-30,82);
INSERT INTO exam_results (result_id, trainee_id, course_id, exam_date, score) VALUES (56,10,1,CURRENT_TIMESTAMP-24,86);
INSERT INTO exam_results (result_id, trainee_id, course_id, exam_date, score) VALUES (57,10,2,CURRENT_TIMESTAMP-10,98);
INSERT INTO exam_results (result_id, trainee_id, course_id, exam_date, score) VALUES (58,10,4,CURRENT_TIMESTAMP-53,92);
INSERT INTO exam_results (result_id, trainee_id, course_id, exam_date, score) VALUES (59,10,9,CURRENT_TIMESTAMP-42,93);
INSERT INTO exam_results (result_id, trainee_id, course_id, exam_date, score) VALUES (60,11,1,CURRENT_TIMESTAMP-58,77);
INSERT INTO exam_results (result_id, trainee_id, course_id, exam_date, score) VALUES (61,11,2,CURRENT_TIMESTAMP-10,91);
INSERT INTO exam_results (result_id, trainee_id, course_id, exam_date, score) VALUES (62,11,4,CURRENT_TIMESTAMP-16,96);
INSERT INTO exam_results (result_id, trainee_id, course_id, exam_date, score) VALUES (63,11,7,CURRENT_TIMESTAMP-36,75);
INSERT INTO exam_results (result_id, trainee_id, course_id, exam_date, score) VALUES (64,11,9,CURRENT_TIMESTAMP-55,96);
INSERT INTO exam_results (result_id, trainee_id, course_id, exam_date, score) VALUES (65,11,10,CURRENT_TIMESTAMP-18,77);
INSERT INTO exam_results (result_id, trainee_id, course_id, exam_date, score) VALUES (66,11,11,CURRENT_TIMESTAMP-27,75);
INSERT INTO exam_results (result_id, trainee_id, course_id, exam_date, score) VALUES (67,12,1,CURRENT_TIMESTAMP-53,89);
INSERT INTO exam_results (result_id, trainee_id, course_id, exam_date, score) VALUES (68,12,2,CURRENT_TIMESTAMP-39,100);
INSERT INTO exam_results (result_id, trainee_id, course_id, exam_date, score) VALUES (69,12,4,CURRENT_TIMESTAMP-46,98);
INSERT INTO exam_results (result_id, trainee_id, course_id, exam_date, score) VALUES (70,12,9,CURRENT_TIMESTAMP-45,87);
INSERT INTO exam_results (result_id, trainee_id, course_id, exam_date, score) VALUES (71,13,1,CURRENT_TIMESTAMP-28,86);
INSERT INTO exam_results (result_id, trainee_id, course_id, exam_date, score) VALUES (72,13,2,CURRENT_TIMESTAMP-23,90);
INSERT INTO exam_results (result_id, trainee_id, course_id, exam_date, score) VALUES (73,13,4,CURRENT_TIMESTAMP-10,85);
INSERT INTO exam_results (result_id, trainee_id, course_id, exam_date, score) VALUES (74,13,7,CURRENT_TIMESTAMP-41,76);
INSERT INTO exam_results (result_id, trainee_id, course_id, exam_date, score) VALUES (75,13,9,CURRENT_TIMESTAMP-20,92);
INSERT INTO exam_results (result_id, trainee_id, course_id, exam_date, score) VALUES (76,13,10,CURRENT_TIMESTAMP-49,78);
INSERT INTO exam_results (result_id, trainee_id, course_id, exam_date, score) VALUES (77,13,11,CURRENT_TIMESTAMP-10,75);
INSERT INTO exam_results (result_id, trainee_id, course_id, exam_date, score) VALUES (78,14,2,CURRENT_TIMESTAMP-4,98);
INSERT INTO exam_results (result_id, trainee_id, course_id, exam_date, score) VALUES (79,14,3,CURRENT_TIMESTAMP-28,88);
INSERT INTO exam_results (result_id, trainee_id, course_id, exam_date, score) VALUES (80,14,4,CURRENT_TIMESTAMP-45,80);
INSERT INTO exam_results (result_id, trainee_id, course_id, exam_date, score) VALUES (81,14,5,CURRENT_TIMESTAMP-46,50);
INSERT INTO exam_results (result_id, trainee_id, course_id, exam_date, score) VALUES (82,14,5,CURRENT_TIMESTAMP-41,35);
INSERT INTO exam_results (result_id, trainee_id, course_id, exam_date, score) VALUES (83,14,5,CURRENT_TIMESTAMP-34,28);
INSERT INTO exam_results (result_id, trainee_id, course_id, exam_date, score) VALUES (84,14,6,CURRENT_TIMESTAMP-32,75);
INSERT INTO exam_results (result_id, trainee_id, course_id, exam_date, score) VALUES (85,14,9,CURRENT_TIMESTAMP-36,84);
INSERT INTO exam_results (result_id, trainee_id, course_id, exam_date, score) VALUES (86,14,12,CURRENT_TIMESTAMP-12,94);
INSERT INTO exam_results (result_id, trainee_id, course_id, exam_date, score) VALUES (87,14,13,CURRENT_TIMESTAMP-16,86);
INSERT INTO exam_results (result_id, trainee_id, course_id, exam_date, score) VALUES (88,15,2,CURRENT_TIMESTAMP-17,85);
INSERT INTO exam_results (result_id, trainee_id, course_id, exam_date, score) VALUES (89,15,3,CURRENT_TIMESTAMP-2,80);
INSERT INTO exam_results (result_id, trainee_id, course_id, exam_date, score) VALUES (90,15,3,CURRENT_TIMESTAMP-10,72);
INSERT INTO exam_results (result_id, trainee_id, course_id, exam_date, score) VALUES (91,15,4,CURRENT_TIMESTAMP-48,78);
INSERT INTO exam_results (result_id, trainee_id, course_id, exam_date, score) VALUES (92,15,8,CURRENT_TIMESTAMP-46,78);
INSERT INTO exam_results (result_id, trainee_id, course_id, exam_date, score) VALUES (93,15,9,CURRENT_TIMESTAMP-5,96);
INSERT INTO exam_results (result_id, trainee_id, course_id, exam_date, score) VALUES (94,16,1,CURRENT_TIMESTAMP-42,78);
INSERT INTO exam_results (result_id, trainee_id, course_id, exam_date, score) VALUES (95,16,2,CURRENT_TIMESTAMP-19,95);
INSERT INTO exam_results (result_id, trainee_id, course_id, exam_date, score) VALUES (96,16,4,CURRENT_TIMESTAMP-40,93);
INSERT INTO exam_results (result_id, trainee_id, course_id, exam_date, score) VALUES (97,16,9,CURRENT_TIMESTAMP-30,81);
INSERT INTO exam_results (result_id, trainee_id, course_id, exam_date, score) VALUES (98,17,1,CURRENT_TIMESTAMP-31,99);
INSERT INTO exam_results (result_id, trainee_id, course_id, exam_date, score) VALUES (99,17,2,CURRENT_TIMESTAMP-43,80);
INSERT INTO exam_results (result_id, trainee_id, course_id, exam_date, score) VALUES (100,17,4,CURRENT_TIMESTAMP-47,84);
INSERT INTO exam_results (result_id, trainee_id, course_id, exam_date, score) VALUES (101,17,9,CURRENT_TIMESTAMP-41,87);
INSERT INTO exam_results (result_id, trainee_id, course_id, exam_date, score) VALUES (102,18,1,CURRENT_TIMESTAMP-11,78);
INSERT INTO exam_results (result_id, trainee_id, course_id, exam_date, score) VALUES (103,18,2,CURRENT_TIMESTAMP-15,97);
INSERT INTO exam_results (result_id, trainee_id, course_id, exam_date, score) VALUES (104,18,4,CURRENT_TIMESTAMP-28,81);
INSERT INTO exam_results (result_id, trainee_id, course_id, exam_date, score) VALUES (105,18,7,CURRENT_TIMESTAMP-3,88);
INSERT INTO exam_results (result_id, trainee_id, course_id, exam_date, score) VALUES (106,18,9,CURRENT_TIMESTAMP-8,98);
INSERT INTO exam_results (result_id, trainee_id, course_id, exam_date, score) VALUES (107,18,10,CURRENT_TIMESTAMP-34,85);
INSERT INTO exam_results (result_id, trainee_id, course_id, exam_date, score) VALUES (108,18,11,CURRENT_TIMESTAMP-14,97);
INSERT INTO exam_results (result_id, trainee_id, course_id, exam_date, score) VALUES (109,19,2,CURRENT_TIMESTAMP-38,75);
INSERT INTO exam_results (result_id, trainee_id, course_id, exam_date, score) VALUES (110,19,3,CURRENT_TIMESTAMP-45,69);
INSERT INTO exam_results (result_id, trainee_id, course_id, exam_date, score) VALUES (111,19,3,CURRENT_TIMESTAMP-37,72);
INSERT INTO exam_results (result_id, trainee_id, course_id, exam_date, score) VALUES (112,19,3,CURRENT_TIMESTAMP-30,83);
INSERT INTO exam_results (result_id, trainee_id, course_id, exam_date, score) VALUES (113,19,4,CURRENT_TIMESTAMP-33,86);
INSERT INTO exam_results (result_id, trainee_id, course_id, exam_date, score) VALUES (114,19,5,CURRENT_TIMESTAMP-45,84);
INSERT INTO exam_results (result_id, trainee_id, course_id, exam_date, score) VALUES (115,19,6,CURRENT_TIMESTAMP-22,77);
INSERT INTO exam_results (result_id, trainee_id, course_id, exam_date, score) VALUES (116,19,9,CURRENT_TIMESTAMP-34,86);
INSERT INTO exam_results (result_id, trainee_id, course_id, exam_date, score) VALUES (117,19,12,CURRENT_TIMESTAMP-12,90);
INSERT INTO exam_results (result_id, trainee_id, course_id, exam_date, score) VALUES (118,19,13,CURRENT_TIMESTAMP-2,91);
INSERT INTO exam_results (result_id, trainee_id, course_id, exam_date, score) VALUES (119,20,2,CURRENT_TIMESTAMP-35,95);
INSERT INTO exam_results (result_id, trainee_id, course_id, exam_date, score) VALUES (120,20,3,CURRENT_TIMESTAMP-6,78);
INSERT INTO exam_results (result_id, trainee_id, course_id, exam_date, score) VALUES (121,20,4,CURRENT_TIMESTAMP-32,98);
INSERT INTO exam_results (result_id, trainee_id, course_id, exam_date, score) VALUES (122,20,8,CURRENT_TIMESTAMP-21,79);
INSERT INTO exam_results (result_id, trainee_id, course_id, exam_date, score) VALUES (123,20,9,CURRENT_TIMESTAMP-17,99);
INSERT INTO exam_results (result_id, trainee_id, course_id, exam_date, score) VALUES (124,21,1,CURRENT_TIMESTAMP-3,85);
INSERT INTO exam_results (result_id, trainee_id, course_id, exam_date, score) VALUES (125,21,2,CURRENT_TIMESTAMP-23,76);
INSERT INTO exam_results (result_id, trainee_id, course_id, exam_date, score) VALUES (126,21,4,CURRENT_TIMESTAMP-2,96);
INSERT INTO exam_results (result_id, trainee_id, course_id, exam_date, score) VALUES (127,21,7,CURRENT_TIMESTAMP-34,77);
INSERT INTO exam_results (result_id, trainee_id, course_id, exam_date, score) VALUES (128,21,9,CURRENT_TIMESTAMP-26,99);
INSERT INTO exam_results (result_id, trainee_id, course_id, exam_date, score) VALUES (129,21,10,CURRENT_TIMESTAMP-14,80);
INSERT INTO exam_results (result_id, trainee_id, course_id, exam_date, score) VALUES (130,21,11,CURRENT_TIMESTAMP-43,61);
INSERT INTO exam_results (result_id, trainee_id, course_id, exam_date, score) VALUES (131,21,11,CURRENT_TIMESTAMP-38,86);
INSERT INTO exam_results (result_id, trainee_id, course_id, exam_date, score) VALUES (132,22,1,CURRENT_TIMESTAMP-4,82);
INSERT INTO exam_results (result_id, trainee_id, course_id, exam_date, score) VALUES (133,22,2,CURRENT_TIMESTAMP-38,88);
INSERT INTO exam_results (result_id, trainee_id, course_id, exam_date, score) VALUES (134,22,4,CURRENT_TIMESTAMP-9,91);
INSERT INTO exam_results (result_id, trainee_id, course_id, exam_date, score) VALUES (135,22,9,CURRENT_TIMESTAMP-15,77);
INSERT INTO exam_results (result_id, trainee_id, course_id, exam_date, score) VALUES (136,23,1,CURRENT_TIMESTAMP-12,92);
INSERT INTO exam_results (result_id, trainee_id, course_id, exam_date, score) VALUES (137,23,2,CURRENT_TIMESTAMP-41,88);
INSERT INTO exam_results (result_id, trainee_id, course_id, exam_date, score) VALUES (138,23,3,CURRENT_TIMESTAMP-43,20);
INSERT INTO exam_results (result_id, trainee_id, course_id, exam_date, score) VALUES (139,23,3,CURRENT_TIMESTAMP-35,36);
INSERT INTO exam_results (result_id, trainee_id, course_id, exam_date, score) VALUES (140,23,3,CURRENT_TIMESTAMP-30,47);
INSERT INTO exam_results (result_id, trainee_id, course_id, exam_date, score) VALUES (141,23,4,CURRENT_TIMESTAMP-44,77);
INSERT INTO exam_results (result_id, trainee_id, course_id, exam_date, score) VALUES (142,23,5,CURRENT_TIMESTAMP-30,80);
INSERT INTO exam_results (result_id, trainee_id, course_id, exam_date, score) VALUES (143,23,9,CURRENT_TIMESTAMP-14,91);
INSERT INTO exam_results (result_id, trainee_id, course_id, exam_date, score) VALUES (144,24,1,CURRENT_TIMESTAMP-43,79);
INSERT INTO exam_results (result_id, trainee_id, course_id, exam_date, score) VALUES (145,24,2,CURRENT_TIMESTAMP-42,90);
INSERT INTO exam_results (result_id, trainee_id, course_id, exam_date, score) VALUES (146,24,4,CURRENT_TIMESTAMP-2,86);
INSERT INTO exam_results (result_id, trainee_id, course_id, exam_date, score) VALUES (147,24,7,CURRENT_TIMESTAMP-19,90);
INSERT INTO exam_results (result_id, trainee_id, course_id, exam_date, score) VALUES (148,24,9,CURRENT_TIMESTAMP-13,87);
INSERT INTO exam_results (result_id, trainee_id, course_id, exam_date, score) VALUES (149,24,10,CURRENT_TIMESTAMP-9,78);
INSERT INTO exam_results (result_id, trainee_id, course_id, exam_date, score) VALUES (150,24,11,CURRENT_TIMESTAMP-13,77);
INSERT INTO exam_results (result_id, trainee_id, course_id, exam_date, score) VALUES (151,25,2,CURRENT_TIMESTAMP-44,45);
INSERT INTO exam_results (result_id, trainee_id, course_id, exam_date, score) VALUES (152,25,2,CURRENT_TIMESTAMP-40,57);
INSERT INTO exam_results (result_id, trainee_id, course_id, exam_date, score) VALUES (153,25,2,CURRENT_TIMESTAMP-34,68);
INSERT INTO exam_results (result_id, trainee_id, course_id, exam_date, score) VALUES (154,25,3,CURRENT_TIMESTAMP-40,17);
INSERT INTO exam_results (result_id, trainee_id, course_id, exam_date, score) VALUES (155,25,3,CURRENT_TIMESTAMP-35,35);
INSERT INTO exam_results (result_id, trainee_id, course_id, exam_date, score) VALUES (156,25,3,CURRENT_TIMESTAMP-31,51);
INSERT INTO exam_results (result_id, trainee_id, course_id, exam_date, score) VALUES (157,25,4,CURRENT_TIMESTAMP-23,12);
INSERT INTO exam_results (result_id, trainee_id, course_id, exam_date, score) VALUES (158,25,4,CURRENT_TIMESTAMP-17,34);
INSERT INTO exam_results (result_id, trainee_id, course_id, exam_date, score) VALUES (159,25,4,CURRENT_TIMESTAMP-12,44);
INSERT INTO exam_results (result_id, trainee_id, course_id, exam_date, score) VALUES (160,25,8,CURRENT_TIMESTAMP-22,85);
INSERT INTO exam_results (result_id, trainee_id, course_id, exam_date, score) VALUES (161,25,9,CURRENT_TIMESTAMP-25,91);
INSERT INTO exam_results (result_id, trainee_id, course_id, exam_date, score) VALUES (162,26,1,CURRENT_TIMESTAMP-42,94);
INSERT INTO exam_results (result_id, trainee_id, course_id, exam_date, score) VALUES (163,26,2,CURRENT_TIMESTAMP-31,87);
INSERT INTO exam_results (result_id, trainee_id, course_id, exam_date, score) VALUES (164,26,4,CURRENT_TIMESTAMP-11,79);
INSERT INTO exam_results (result_id, trainee_id, course_id, exam_date, score) VALUES (165,26,7,CURRENT_TIMESTAMP-34,79);
INSERT INTO exam_results (result_id, trainee_id, course_id, exam_date, score) VALUES (166,26,9,CURRENT_TIMESTAMP-28,89);
INSERT INTO exam_results (result_id, trainee_id, course_id, exam_date, score) VALUES (167,26,10,CURRENT_TIMESTAMP-43,92);
INSERT INTO exam_results (result_id, trainee_id, course_id, exam_date, score) VALUES (168,26,11,CURRENT_TIMESTAMP-8,98);
INSERT INTO exam_results (result_id, trainee_id, course_id, exam_date, score) VALUES (169,27,1,CURRENT_TIMESTAMP-45,78);
INSERT INTO exam_results (result_id, trainee_id, course_id, exam_date, score) VALUES (170,27,2,CURRENT_TIMESTAMP-4,79);
INSERT INTO exam_results (result_id, trainee_id, course_id, exam_date, score) VALUES (171,27,4,CURRENT_TIMESTAMP-18,81);
INSERT INTO exam_results (result_id, trainee_id, course_id, exam_date, score) VALUES (172,27,9,CURRENT_TIMESTAMP-29,76);
INSERT INTO exam_results (result_id, trainee_id, course_id, exam_date, score) VALUES (173,28,1,CURRENT_TIMESTAMP-6,98);
INSERT INTO exam_results (result_id, trainee_id, course_id, exam_date, score) VALUES (174,28,2,CURRENT_TIMESTAMP-29,77);
INSERT INTO exam_results (result_id, trainee_id, course_id, exam_date, score) VALUES (175,28,3,CURRENT_TIMESTAMP-5,93);
INSERT INTO exam_results (result_id, trainee_id, course_id, exam_date, score) VALUES (176,28,4,CURRENT_TIMESTAMP-44,77);
INSERT INTO exam_results (result_id, trainee_id, course_id, exam_date, score) VALUES (177,28,5,CURRENT_TIMESTAMP-32,95);
INSERT INTO exam_results (result_id, trainee_id, course_id, exam_date, score) VALUES (178,28,9,CURRENT_TIMESTAMP-12,91);
INSERT INTO exam_results (result_id, trainee_id, course_id, exam_date, score) VALUES (179,29,1,CURRENT_TIMESTAMP-32,96);
INSERT INTO exam_results (result_id, trainee_id, course_id, exam_date, score) VALUES (180,29,2,CURRENT_TIMESTAMP-11,78);
INSERT INTO exam_results (result_id, trainee_id, course_id, exam_date, score) VALUES (181,29,4,CURRENT_TIMESTAMP-50,65);
INSERT INTO exam_results (result_id, trainee_id, course_id, exam_date, score) VALUES (182,29,4,CURRENT_TIMESTAMP-45,94);
INSERT INTO exam_results (result_id, trainee_id, course_id, exam_date, score) VALUES (183,29,7,CURRENT_TIMESTAMP-19,77);
INSERT INTO exam_results (result_id, trainee_id, course_id, exam_date, score) VALUES (184,29,9,CURRENT_TIMESTAMP-1,99);
INSERT INTO exam_results (result_id, trainee_id, course_id, exam_date, score) VALUES (185,29,10,CURRENT_TIMESTAMP-10,85);
INSERT INTO exam_results (result_id, trainee_id, course_id, exam_date, score) VALUES (186,29,11,CURRENT_TIMESTAMP-37,89);
INSERT INTO exam_results (result_id, trainee_id, course_id, exam_date, score) VALUES (187,30,2,CURRENT_TIMESTAMP-11,84);
INSERT INTO exam_results (result_id, trainee_id, course_id, exam_date, score) VALUES (188,30,3,CURRENT_TIMESTAMP-5,88);
INSERT INTO exam_results (result_id, trainee_id, course_id, exam_date, score) VALUES (189,30,4,CURRENT_TIMESTAMP-13,97);
INSERT INTO exam_results (result_id, trainee_id, course_id, exam_date, score) VALUES (190,30,8,CURRENT_TIMESTAMP-45,96);
INSERT INTO exam_results (result_id, trainee_id, course_id, exam_date, score) VALUES (191,30,9,CURRENT_TIMESTAMP-0,77);
INSERT INTO exam_results (result_id, trainee_id, course_id, exam_date, score) VALUES (192,31,1,CURRENT_TIMESTAMP-25,80);
INSERT INTO exam_results (result_id, trainee_id, course_id, exam_date, score) VALUES (193,31,2,CURRENT_TIMESTAMP-24,82);
INSERT INTO exam_results (result_id, trainee_id, course_id, exam_date, score) VALUES (194,31,4,CURRENT_TIMESTAMP-35,85);
INSERT INTO exam_results (result_id, trainee_id, course_id, exam_date, score) VALUES (195,31,7,CURRENT_TIMESTAMP-15,98);
INSERT INTO exam_results (result_id, trainee_id, course_id, exam_date, score) VALUES (196,31,9,CURRENT_TIMESTAMP-33,100);
INSERT INTO exam_results (result_id, trainee_id, course_id, exam_date, score) VALUES (197,31,10,CURRENT_TIMESTAMP-35,93);
INSERT INTO exam_results (result_id, trainee_id, course_id, exam_date, score) VALUES (198,31,11,CURRENT_TIMESTAMP-9,91);
INSERT INTO exam_results (result_id, trainee_id, course_id, exam_date, score) VALUES (199,32,1,CURRENT_TIMESTAMP-9,89);
INSERT INTO exam_results (result_id, trainee_id, course_id, exam_date, score) VALUES (200,32,2,CURRENT_TIMESTAMP-17,91);
INSERT INTO exam_results (result_id, trainee_id, course_id, exam_date, score) VALUES (201,32,4,CURRENT_TIMESTAMP-35,81);
INSERT INTO exam_results (result_id, trainee_id, course_id, exam_date, score) VALUES (202,32,9,CURRENT_TIMESTAMP-4,83);
INSERT INTO exam_results (result_id, trainee_id, course_id, exam_date, score) VALUES (203,33,1,CURRENT_TIMESTAMP-1,89);
INSERT INTO exam_results (result_id, trainee_id, course_id, exam_date, score) VALUES (204,33,2,CURRENT_TIMESTAMP-14,89);
INSERT INTO exam_results (result_id, trainee_id, course_id, exam_date, score) VALUES (205,33,3,CURRENT_TIMESTAMP-26,85);
INSERT INTO exam_results (result_id, trainee_id, course_id, exam_date, score) VALUES (206,33,4,CURRENT_TIMESTAMP-20,92);
INSERT INTO exam_results (result_id, trainee_id, course_id, exam_date, score) VALUES (207,33,5,CURRENT_TIMESTAMP-6,81);
INSERT INTO exam_results (result_id, trainee_id, course_id, exam_date, score) VALUES (208,33,9,CURRENT_TIMESTAMP-20,96);
INSERT INTO exam_results (result_id, trainee_id, course_id, exam_date, score) VALUES (209,34,2,CURRENT_TIMESTAMP-11,89);
INSERT INTO exam_results (result_id, trainee_id, course_id, exam_date, score) VALUES (210,34,3,CURRENT_TIMESTAMP-8,98);
INSERT INTO exam_results (result_id, trainee_id, course_id, exam_date, score) VALUES (211,34,4,CURRENT_TIMESTAMP-34,77);
INSERT INTO exam_results (result_id, trainee_id, course_id, exam_date, score) VALUES (212,34,5,CURRENT_TIMESTAMP-6,87);
INSERT INTO exam_results (result_id, trainee_id, course_id, exam_date, score) VALUES (213,34,6,CURRENT_TIMESTAMP-27,35);
INSERT INTO exam_results (result_id, trainee_id, course_id, exam_date, score) VALUES (214,34,6,CURRENT_TIMESTAMP-35,54);
INSERT INTO exam_results (result_id, trainee_id, course_id, exam_date, score) VALUES (215,34,6,CURRENT_TIMESTAMP-30,70);
INSERT INTO exam_results (result_id, trainee_id, course_id, exam_date, score) VALUES (216,34,9,CURRENT_TIMESTAMP-14,83);
INSERT INTO exam_results (result_id, trainee_id, course_id, exam_date, score) VALUES (217,34,12,CURRENT_TIMESTAMP-13,87);
INSERT INTO exam_results (result_id, trainee_id, course_id, exam_date, score) VALUES (218,34,13,CURRENT_TIMESTAMP-9,80);
INSERT INTO exam_results (result_id, trainee_id, course_id, exam_date, score) VALUES (219,35,1,CURRENT_TIMESTAMP-30,93);
INSERT INTO exam_results (result_id, trainee_id, course_id, exam_date, score) VALUES (220,35,2,CURRENT_TIMESTAMP-17,75);
INSERT INTO exam_results (result_id, trainee_id, course_id, exam_date, score) VALUES (221,35,4,CURRENT_TIMESTAMP-22,86);
INSERT INTO exam_results (result_id, trainee_id, course_id, exam_date, score) VALUES (222,35,7,CURRENT_TIMESTAMP-32,84);
INSERT INTO exam_results (result_id, trainee_id, course_id, exam_date, score) VALUES (223,35,9,CURRENT_TIMESTAMP-14,90);
INSERT INTO exam_results (result_id, trainee_id, course_id, exam_date, score) VALUES (224,35,10,CURRENT_TIMESTAMP-21,98);
INSERT INTO exam_results (result_id, trainee_id, course_id, exam_date, score) VALUES (225,35,11,CURRENT_TIMESTAMP-21,96);
INSERT INTO exam_results (result_id, trainee_id, course_id, exam_date, score) VALUES (226,36,1,CURRENT_TIMESTAMP-11,81);
INSERT INTO exam_results (result_id, trainee_id, course_id, exam_date, score) VALUES (227,36,2,CURRENT_TIMESTAMP-23,86);
INSERT INTO exam_results (result_id, trainee_id, course_id, exam_date, score) VALUES (228,36,4,CURRENT_TIMESTAMP-15,98);
INSERT INTO exam_results (result_id, trainee_id, course_id, exam_date, score) VALUES (229,36,9,CURRENT_TIMESTAMP-23,83);
INSERT INTO exam_results (result_id, trainee_id, course_id, exam_date, score) VALUES (230,37,1,CURRENT_TIMESTAMP-11,94);
INSERT INTO exam_results (result_id, trainee_id, course_id, exam_date, score) VALUES (231,37,2,CURRENT_TIMESTAMP-17,83);
INSERT INTO exam_results (result_id, trainee_id, course_id, exam_date, score) VALUES (232,37,3,CURRENT_TIMESTAMP-18,76);
INSERT INTO exam_results (result_id, trainee_id, course_id, exam_date, score) VALUES (233,37,4,CURRENT_TIMESTAMP-8,93);
INSERT INTO exam_results (result_id, trainee_id, course_id, exam_date, score) VALUES (234,37,5,CURRENT_TIMESTAMP-20,93);
INSERT INTO exam_results (result_id, trainee_id, course_id, exam_date, score) VALUES (235,37,9,CURRENT_TIMESTAMP-25,98);
INSERT INTO exam_results (result_id, trainee_id, course_id, exam_date, score) VALUES (236,38,1,CURRENT_TIMESTAMP-3,98);
INSERT INTO exam_results (result_id, trainee_id, course_id, exam_date, score) VALUES (237,38,2,CURRENT_TIMESTAMP-4,77);
INSERT INTO exam_results (result_id, trainee_id, course_id, exam_date, score) VALUES (238,38,4,CURRENT_TIMESTAMP-21,84);
INSERT INTO exam_results (result_id, trainee_id, course_id, exam_date, score) VALUES (239,38,9,CURRENT_TIMESTAMP-15,100);
INSERT INTO exam_results (result_id, trainee_id, course_id, exam_date, score) VALUES (240,39,2,CURRENT_TIMESTAMP-10,74);
INSERT INTO exam_results (result_id, trainee_id, course_id, exam_date, score) VALUES (241,39,2,CURRENT_TIMESTAMP-6,100);
INSERT INTO exam_results (result_id, trainee_id, course_id, exam_date, score) VALUES (242,39,3,CURRENT_TIMESTAMP-3,89);
INSERT INTO exam_results (result_id, trainee_id, course_id, exam_date, score) VALUES (243,39,4,CURRENT_TIMESTAMP-18,93);
INSERT INTO exam_results (result_id, trainee_id, course_id, exam_date, score) VALUES (244,39,5,CURRENT_TIMESTAMP-18,97);
INSERT INTO exam_results (result_id, trainee_id, course_id, exam_date, score) VALUES (245,39,6,CURRENT_TIMESTAMP-18,88);
INSERT INTO exam_results (result_id, trainee_id, course_id, exam_date, score) VALUES (246,39,9,CURRENT_TIMESTAMP-24,97);
INSERT INTO exam_results (result_id, trainee_id, course_id, exam_date, score) VALUES (247,39,12,CURRENT_TIMESTAMP-4,93);
INSERT INTO exam_results (result_id, trainee_id, course_id, exam_date, score) VALUES (248,40,1,CURRENT_TIMESTAMP-22,81);
INSERT INTO exam_results (result_id, trainee_id, course_id, exam_date, score) VALUES (249,40,2,CURRENT_TIMESTAMP-9,78);
INSERT INTO exam_results (result_id, trainee_id, course_id, exam_date, score) VALUES (250,40,4,CURRENT_TIMESTAMP-0,91);
INSERT INTO exam_results (result_id, trainee_id, course_id, exam_date, score) VALUES (251,40,9,CURRENT_TIMESTAMP-15,80);
INSERT INTO exam_results (result_id, trainee_id, course_id, exam_date, score) VALUES (252,40,10,CURRENT_TIMESTAMP-7,92);
INSERT INTO exam_results (result_id, trainee_id, course_id, exam_date, score) VALUES (253,40,11,CURRENT_TIMESTAMP-18,96);
INSERT INTO exam_results (result_id, trainee_id, course_id, exam_date, score) VALUES (254,41,1,CURRENT_TIMESTAMP-15,99);
INSERT INTO exam_results (result_id, trainee_id, course_id, exam_date, score) VALUES (255,41,2,CURRENT_TIMESTAMP-0,86);
INSERT INTO exam_results (result_id, trainee_id, course_id, exam_date, score) VALUES (256,41,4,CURRENT_TIMESTAMP-19,99);
INSERT INTO exam_results (result_id, trainee_id, course_id, exam_date, score) VALUES (257,41,9,CURRENT_TIMESTAMP-17,100);
INSERT INTO exam_results (result_id, trainee_id, course_id, exam_date, score) VALUES (258,41,10,CURRENT_TIMESTAMP-3,87);
INSERT INTO exam_results (result_id, trainee_id, course_id, exam_date, score) VALUES (259,41,11,CURRENT_TIMESTAMP-7,78);
INSERT INTO exam_results (result_id, trainee_id, course_id, exam_date, score) VALUES (260,42,1,CURRENT_TIMESTAMP-23,57);
INSERT INTO exam_results (result_id, trainee_id, course_id, exam_date, score) VALUES (261,42,1,CURRENT_TIMESTAMP-15,70);
INSERT INTO exam_results (result_id, trainee_id, course_id, exam_date, score) VALUES (262,42,1,CURRENT_TIMESTAMP-5,83);
INSERT INTO exam_results (result_id, trainee_id, course_id, exam_date, score) VALUES (263,42,2,CURRENT_TIMESTAMP-16,97);
INSERT INTO exam_results (result_id, trainee_id, course_id, exam_date, score) VALUES (264,42,4,CURRENT_TIMESTAMP-15,85);
INSERT INTO exam_results (result_id, trainee_id, course_id, exam_date, score) VALUES (265,42,9,CURRENT_TIMESTAMP-22,83);
INSERT INTO exam_results (result_id, trainee_id, course_id, exam_date, score) VALUES (266,43,1,CURRENT_TIMESTAMP-13,84);
INSERT INTO exam_results (result_id, trainee_id, course_id, exam_date, score) VALUES (267,43,2,CURRENT_TIMESTAMP-2,92);
INSERT INTO exam_results (result_id, trainee_id, course_id, exam_date, score) VALUES (268,43,3,CURRENT_TIMESTAMP-2,89);
INSERT INTO exam_results (result_id, trainee_id, course_id, exam_date, score) VALUES (269,43,4,CURRENT_TIMESTAMP-10,80);
INSERT INTO exam_results (result_id, trainee_id, course_id, exam_date, score) VALUES (270,43,5,CURRENT_TIMESTAMP-8,75);
INSERT INTO exam_results (result_id, trainee_id, course_id, exam_date, score) VALUES (271,43,9,CURRENT_TIMESTAMP-6,82);
INSERT INTO exam_results (result_id, trainee_id, course_id, exam_date, score) VALUES (272,44,1,CURRENT_TIMESTAMP-2,98);
INSERT INTO exam_results (result_id, trainee_id, course_id, exam_date, score) VALUES (273,44,2,CURRENT_TIMESTAMP-15,90);
INSERT INTO exam_results (result_id, trainee_id, course_id, exam_date, score) VALUES (274,44,9,CURRENT_TIMESTAMP-8,99);
INSERT INTO exam_results (result_id, trainee_id, course_id, exam_date, score) VALUES (275,45,1,CURRENT_TIMESTAMP-19,82);
INSERT INTO exam_results (result_id, trainee_id, course_id, exam_date, score) VALUES (276,45,2,CURRENT_TIMESTAMP-13,94);
INSERT INTO exam_results (result_id, trainee_id, course_id, exam_date, score) VALUES (277,45,4,CURRENT_TIMESTAMP-8,77);
INSERT INTO exam_results (result_id, trainee_id, course_id, exam_date, score) VALUES (278,45,9,CURRENT_TIMESTAMP-18,77);
INSERT INTO exam_results (result_id, trainee_id, course_id, exam_date, score) VALUES (279,45,10,CURRENT_TIMESTAMP-12,100);
INSERT INTO exam_results (result_id, trainee_id, course_id, exam_date, score) VALUES (280,45,11,CURRENT_TIMESTAMP-2,93);
INSERT INTO exam_results (result_id, trainee_id, course_id, exam_date, score) VALUES (281,46,1,CURRENT_TIMESTAMP-12,78);
INSERT INTO exam_results (result_id, trainee_id, course_id, exam_date, score) VALUES (282,46,2,CURRENT_TIMESTAMP-0,75);
INSERT INTO exam_results (result_id, trainee_id, course_id, exam_date, score) VALUES (283,46,4,CURRENT_TIMESTAMP-4,83);
INSERT INTO exam_results (result_id, trainee_id, course_id, exam_date, score) VALUES (284,46,9,CURRENT_TIMESTAMP-11,75);
INSERT INTO exam_results (result_id, trainee_id, course_id, exam_date, score) VALUES (285,47,1,CURRENT_TIMESTAMP-6,95);
INSERT INTO exam_results (result_id, trainee_id, course_id, exam_date, score) VALUES (286,47,2,CURRENT_TIMESTAMP-6,96);
INSERT INTO exam_results (result_id, trainee_id, course_id, exam_date, score) VALUES (287,47,9,CURRENT_TIMESTAMP-17,91);
INSERT INTO exam_results (result_id, trainee_id, course_id, exam_date, score) VALUES (288,48,1,CURRENT_TIMESTAMP-11,95);
INSERT INTO exam_results (result_id, trainee_id, course_id, exam_date, score) VALUES (289,48,2,CURRENT_TIMESTAMP-15,100);
INSERT INTO exam_results (result_id, trainee_id, course_id, exam_date, score) VALUES (290,48,9,CURRENT_TIMESTAMP-5,82);
INSERT INTO exam_results (result_id, trainee_id, course_id, exam_date, score) VALUES (291,49,1,CURRENT_TIMESTAMP-5,75);
INSERT INTO exam_results (result_id, trainee_id, course_id, exam_date, score) VALUES (292,49,2,CURRENT_TIMESTAMP-9,78);
INSERT INTO exam_results (result_id, trainee_id, course_id, exam_date, score) VALUES (293,49,9,CURRENT_TIMESTAMP-3,91);
INSERT INTO exam_results (result_id, trainee_id, course_id, exam_date, score) VALUES (294,50,2,CURRENT_TIMESTAMP-9,94);
INSERT INTO exam_results (result_id, trainee_id, course_id, exam_date, score) VALUES (295,50,3,CURRENT_TIMESTAMP-13,94);
INSERT INTO exam_results (result_id, trainee_id, course_id, exam_date, score) VALUES (296,50,9,CURRENT_TIMESTAMP-0,80);
INSERT INTO exam_results (result_id, trainee_id, course_id, exam_date, score) VALUES (297,51,1,CURRENT_TIMESTAMP-6,100);
INSERT INTO exam_results (result_id, trainee_id, course_id, exam_date, score) VALUES (298,51,2,CURRENT_TIMESTAMP-13,83);
INSERT INTO exam_results (result_id, trainee_id, course_id, exam_date, score) VALUES (299,51,9,CURRENT_TIMESTAMP-15,97);
INSERT INTO exam_results (result_id, trainee_id, course_id, exam_date, score) VALUES (300,52,2,CURRENT_TIMESTAMP-6,86);
INSERT INTO exam_results (result_id, trainee_id, course_id, exam_date, score) VALUES (301,52,9,CURRENT_TIMESTAMP-11,79);
INSERT INTO exam_results (result_id, trainee_id, course_id, exam_date, score) VALUES (302,53,2,CURRENT_TIMESTAMP-3,94);
INSERT INTO exam_results (result_id, trainee_id, course_id, exam_date, score) VALUES (303,53,9,CURRENT_TIMESTAMP-1,77);
INSERT INTO exam_results (result_id, trainee_id, course_id, exam_date, score) VALUES (304,54,2,CURRENT_TIMESTAMP-2,87);
INSERT INTO exam_results (result_id, trainee_id, course_id, exam_date, score) VALUES (305,54,9,CURRENT_TIMESTAMP-9,75);
INSERT INTO exam_results (result_id, trainee_id, course_id, exam_date, score) VALUES (306,55,2,CURRENT_TIMESTAMP-2,81);
INSERT INTO exam_results (result_id, trainee_id, course_id, exam_date, score) VALUES (307,55,9,CURRENT_TIMESTAMP-9,88);
INSERT INTO exam_results (result_id, trainee_id, course_id, exam_date, score) VALUES (308,56,9,CURRENT_TIMESTAMP-2,95);






